{
    "$schema": "https://schema.management.azure.com/schemas/2015-01-01/deploymentTemplate.json#",
    "contentVersion": "1.0.0.0",
    "parameters": {
        "siteName": {
            "type": "string"
        },
        "location": {
            "defaultValue": "[resourceGroup().location]",
            "type": "string",
            "allowedValues": [
                "brazilsouth",
                "eastus",
                "eastus2",
                "centralus",
                "northcentralus",
                "southcentralus",
                "westus",
                "westus2"
            ]
        },
        "repoUrl": {
            "type": "string"
        },
        "branch": {
            "allowedValues": [
                "master"
            ],
            "type": "string"
        }
    },
    "variables": {
        "webapp_standard_asp": "[concat(parameters('siteName'), '-standard')]",
        "functions_dynamic_asp": "[concat(parameters('siteName'), '-dynamic')]",
        "functions_site_name": "[concat(parameters('siteName'), '-functions')]",
        "storage_account_name": "[toLower(replace(parameters('siteName'),'-',''))]",
        "autoscale_settings_name": "[parameters('siteName')]",
        "autoscale_min_threshold": 10,
        "autoscale_max_threshold": 50,
        "appinsights_components_name": "[concat(parameters('siteName'), '-appinsights')]"
    },
    "resources": [
        {
            "type": "microsoft.insights/autoscalesettings",
            "name": "[variables('autoscale_settings_name')]",
            "apiVersion": "2014-04-01",
            "location": "[parameters('location')]",
            "properties": {
                "profiles": [
                    {
                        "name": "Default",
                        "capacity": {
                            "minimum": "1",
                            "maximum": "2",
                            "default": "1"
                        },
                        "rules": [
                            {
                                "metricTrigger": {
                                    "metricName": "CpuPercentage",
                                    "metricNamespace": "",
                                    "metricResourceUri": "[resourceId('Microsoft.Web/serverfarms', variables('webapp_standard_asp'))]",
                                    "timeGrain": "PT1M",
                                    "statistic": "Average",
                                    "timeWindow": "PT10M",
                                    "timeAggregation": "Average",
                                    "operator": "GreaterThan",
                                    "threshold": "[variables('autoscale_max_threshold')]"
                                },
                                "scaleAction": {
                                    "direction": "Increase",
                                    "type": "ChangeCount",
                                    "value": "1",
                                    "cooldown": "PT5M"
                                }
                            },
                            {
                                "metricTrigger": {
                                    "metricName": "CpuPercentage",
                                    "metricNamespace": "",
                                    "metricResourceUri": "[resourceId('Microsoft.Web/serverfarms', variables('webapp_standard_asp'))]",
                                    "timeGrain": "PT1M",
                                    "statistic": "Average",
                                    "timeWindow": "PT10M",
                                    "timeAggregation": "Average",
                                    "operator": "LessThan",
                                    "threshold": "[variables('autoscale_min_threshold')]"
                                },
                                "scaleAction": {
                                    "direction": "Decrease",
                                    "type": "ChangeCount",
                                    "value": "1",
                                    "cooldown": "PT5M"
                                }
                            }
                        ]
                    }
                ],
                "enabled": true,
                "name": "[variables('autoscale_settings_name')]",
                "targetResourceUri": "[resourceId('Microsoft.Web/serverfarms', variables ('webapp_standard_asp'))]"
            },
            "dependsOn": [
                "[resourceId('Microsoft.Web/serverfarms', variables('webapp_standard_asp'))]"
            ]
        },
        {
            "type": "microsoft.insights/components",
            "kind": "web",
            "name": "[variables('appinsights_components_name')]",
            "apiVersion": "2014-04-01",
            "location": "[parameters('location')]",
            "properties": {
                "ApplicationId": "[variables('appinsights_components_name')]"
            }
        },
        {
            "type": "Microsoft.Storage/storageAccounts",
            "sku": {
                "name": "Standard_LRS",
                "tier": "Standard"
            },
            "kind": "Storage",
            "name": "[variables('storage_account_name')]",
            "apiVersion": "2016-01-01",
            "location": "[parameters('location')]"
        },
        {
            "type": "Microsoft.Web/serverfarms",
            "sku": {
                "name": "S1",
                "tier": "Standard",
                "size": "S1",
                "family": "S",
                "capacity": 1
            },
            "name": "[variables('webapp_standard_asp')]",
            "apiVersion": "2015-08-01",
            "location": "[parameters('location')]",
            "properties": {
                "name": "[variables('webapp_standard_asp')]"
            },
            "dependsOn": [
                "[resourceId('Microsoft.Web/serverfarms', variables('functions_dynamic_asp'))]"
            ]
        },
        {
            "type": "Microsoft.Web/serverfarms",
            "sku": {
                "name": "Y1",
                "tier": "Dynamic",
                "size": "Y1",
                "family": "Y",
                "capacity": 0
            },
            "kind": "functionapp",
            "name": "[variables('functions_dynamic_asp')]",
            "apiVersion": "2015-08-01",
            "location": "[parameters('location')]",
            "properties": {
                "name": "[variables('functions_dynamic_asp')]"
            }
        },
        {
            "type": "Microsoft.Web/sites",
            "name": "[parameters('siteName')]",
            "apiVersion": "2015-08-01",
            "location": "[parameters('location')]",
            "properties": {
                "serverFarmId": "[resourceId('Microsoft.Web/serverfarms', variables('webapp_standard_asp'))]",
                "siteConfig": {
                    "alwaysOn": true
                }
            },
            "dependsOn": [
                "[resourceId('Microsoft.Web/serverfarms', variables('webapp_standard_asp'))]"
            ]
        },
        {
            "type": "Microsoft.Web/sites",
            "kind": "functionapp",
            "name": "[variables('functions_site_name')]",
            "apiVersion": "2015-08-01",
            "location": "[parameters('location')]",
            "properties": {
                "serverFarmId": "[resourceId('Microsoft.Web/serverfarms', variables('functions_dynamic_asp'))]",
                "siteConfig": {
                    "appSettings": [
                        {
                            "name": "WEBSITE_CONTENTSHARE",
                            "value": "[variables('storage_account_name')]"
                        },
                        {
                            "name": "FUNCTIONS_EXTENSION_VERSION",
                            "value": "latest"
                        },
                        {
                            "name": "PROJECT",
                            "value": "src"
                        },
                        {
                            "name": "[concat(variables('storage_account_name'), '_STORAGE')]",
                            "value": "[concat('DefaultEndpointsProtocol=https;AccountName=', variables('storage_account_name'), ';AccountKey=', listKeys(variables('storage_account_name'),'2015-05-01-preview').key1)]"
                        },
                        {
                            "name": "AzureWebJobsDashboard",
                            "value": "[concat('DefaultEndpointsProtocol=https;AccountName=', variables('storage_account_name'), ';AccountKey=', listKeys(variables('storage_account_name'),'2015-05-01-preview').key1)]"
                        },
                        {
                            "name": "AzureWebJobsStorage",
                            "value": "[concat('DefaultEndpointsProtocol=https;AccountName=', variables('storage_account_name'), ';AccountKey=', listKeys(variables('storage_account_name'),'2015-05-01-preview').key1)]"
                        },
                        {
                            "name": "WEBSITE_CONTENTAZUREFILECONNECTIONSTRING",
                            "value": "[concat('DefaultEndpointsProtocol=https;AccountName=', variables('storage_account_name'), ';AccountKey=', listKeys(variables('storage_account_name'),'2015-05-01-preview').key1)]"
                        }
                    ]
                }
            },
            "resources": [
                {
                    "apiVersion": "2015-04-01",
                    "name": "web",
                    "type": "sourcecontrols",
                    "dependsOn": [
                        "[resourceId('Microsoft.Web/Sites', variables('functions_site_name'))]"
                    ],
                    "properties": {
                        "RepoUrl": "[parameters('repoUrl')]",
                        "branch": "[parameters('branch')]",
                        "IsManualIntegration": true
                    }
                }
            ],
            "dependsOn": [
                "[resourceId('Microsoft.Web/serverfarms', variables('functions_dynamic_asp'))]",
                "[resourceId('Microsoft.Storage/storageAccounts', variables('storage_account_name'))]"
            ]
        }
    ]
}